<?xml version="1.0" encoding="UTF-8"?>
<!--
  Licensed to the Apache Software Foundation (ASF) under one or more
  contributor license agreements.  See the NOTICE file distributed with
  this work for additional information regarding copyright ownership.
  The ASF licenses this file to You under the Apache License, Version 2.0
  (the "License"); you may not use this file except in compliance with
  the License.  You may obtain a copy of the License at

      http://www.apache.org/licenses/LICENSE-2.0

  Unless required by applicable law or agreed to in writing, software
  distributed under the License is distributed on an "AS IS" BASIS,
  WITHOUT WARRANTIES OR CONDITIONS OF ANY KIND, either express or implied.
  See the License for the specific language governing permissions and
  limitations under the License.
-->
<tomcat-users xmlns="http://tomcat.apache.org/xml"
              xmlns:xsi="http://www.w3.org/2001/XMLSchema-instance"
              xsi:schemaLocation="http://tomcat.apache.org/xml tomcat-users.xsd"
              version="1.0">
<role rolename="ROLE_PSCAdmin" />
<role rolename="ROLE_PSCOper" />
<role rolename="ROLE_PSCUser" />
<role rolename="ROLE_PSCNone" />
<!-- Legacy manager (manager) and host-manager (admin) roles
    admin-gui = ROLE_PSCAdmin
    admin-script = ROLE_PSCAdmin
    manager-gui = ROLE_PSCAdmin
    manager-script = ROLE_PSCAdmin
    manager-jmx = ROLE_PSCAdmin
    manager-status = ROLE_PSCAdmin
-->
<!-- Legacy roles provided for reference.
<role rolename="admin-gui" />
<role rolename="admin-script" />
<role rolename="" />
<role rolename="" />
<role rolename="" />
-->

<!--
  NOTE:  The sample user and role entries below are intended for use with the
  examples web application. They are wrapped in a comment and thus are ignored
  when reading this file. If you wish to configure these users for use with the
  examples web application, do not forget to remove the <!.. ..> that surrounds
  them. You will also need to set the passwords to something appropriate.
-->
<!--
  <role rolename="tomcat"/>
  <role rolename="role1"/>
  <user username="tomcat" password="<must-be-changed>" roles="tomcat"/>
  <user username="both" password="<must-be-changed>" roles="tomcat,role1"/>
  <user username="role1" password="<must-be-changed>" roles="role1"/>
-->

<!-- start_dev_accounts
<user username="tomcat" password="tomcat" roles="ROLE_PSCAdmin,ROLE_PSCOper,ROLE_PSCUser" />
<user username="tcuser1" password="tcuser" roles="ROLE_PSCUser" />
<user username="tcuser2" password="tcuser" roles="ROLE_PSCNone" />
end_dev_accounts -->

<!-- start_admin_account -->
<user 
username="tomcat"
password="tomcat"
roles="ROLE_PSCAdmin,ROLE_PSCOper,ROLE_PSCUser" />
<!-- end_admin_account -->

</tomcat-users>
